grammar_id,precision,recall,f1_score,nr_of_correct_predictions,nr_of_predictions,nr_of_gold_standard_predictions
6051,0.5179515,0.5152179,0.5165811,64919,125338,126003
8223,0.70687134,0.62603915,0.6640042,95188,134661,152048
6121,0.78421706,0.2981634,0.4320566,37226,47469,124851
1641,0.58348036,0.33424824,0.4250217,48954,83900,146460
1630,0.8355716,0.595597,0.69546515,87791,105067,147400
